<?xml version="1.0" encoding="UTF-8"?>
<project-private xmlns="http://www.netbeans.org/ns/project-private/1">
    <editor-bookmarks xmlns="http://www.netbeans.org/ns/editor-bookmarks/2" lastBookmarkId="0"/>
    <open-files xmlns="http://www.netbeans.org/ns/projectui-open-files/2">
        <group>
            <file>file:/home/luis/NetBeansProjects/feria121/src/feria121/Feria121.java</file>
            <file>file:/home/luis/NetBeansProjects/feria121/src/feria121/Persona.java</file>
            <file>file:/home/luis/NetBeansProjects/feria121/src/feria121/Usuario.java</file>
            <file>file:/home/luis/NetBeansProjects/feria121/src/feria121/Paciente.java</file>
            <file>file:/home/luis/NetBeansProjects/feria121/src/feria121/Medico.java</file>
            <file>file:/home/luis/NetBeansProjects/feria121/src/feria121/Tratamiento.java</file>
            <file>file:/home/luis/NetBeansProjects/feria121/src/feria121/Consulta.java</file>
            <file>file:/home/luis/NetBeansProjects/feria121/src/feria121/FeriaDeSalud.java</file>
        </group>
    </open-files>
</project-private>
